request_type,priority,department,amount,status
5,2,5,75346,2
0,0,4,54528,1
0,2,2,183276,0
2,2,1,142364,0
2,2,0,11462,0
3,1,5,197110,1
3,2,2,106796,1
3,0,4,161121,1
5,1,0,14053,0
0,2,4,146963,1
2,0,2,101093,2
4,0,3,10630,0
4,2,4,17063,0
5,0,4,56363,1
4,2,1,17302,0
4,1,1,10744,0
1,0,3,1242,1
2,1,3,43602,0
2,2,5,52804,0
2,0,0,13230,1
0,2,2,149495,1
1,2,5,4976,0
1,1,3,3296,0
4,2,5,28142,1
0,2,4,170732,1
4,0,4,11103,0
5,1,0,50867,2
2,2,1,152477,2
2,2,3,178654,2
3,2,2,141256,1
5,0,2,45783,0
4,2,5,13046,0
2,2,5,23673,0
1,0,2,803,1
5,0,3,21703,0
4,1,3,8910,0
3,2,1,153646,1
0,2,0,32962,1
4,0,4,4056,0
3,0,4,32434,2
5,0,1,7780,0
5,2,3,40292,0
4,2,5,3141,0
1,1,0,2260,0
4,2,0,10117,0
2,1,3,153762,2
1,0,1,3301,1
4,0,0,6530,0
1,1,1,397,0
1,2,4,3833,0
2,0,1,25031,1
3,1,3,81534,1
1,0,3,3138,1
5,2,1,83017,2
2,0,4,127221,2
1,1,3,691,0
4,2,2,27568,1
3,1,0,88766,1
2,0,5,28333,1
1,1,5,1570,0
3,1,5,20333,0
3,0,2,161826,1
3,0,4,130998,1
3,1,3,164350,1
0,0,3,194740,0
1,2,4,1708,0
3,0,4,10362,0
2,1,1,38632,0
4,1,1,25177,1
2,0,0,14836,1
2,0,4,146984,2
4,2,0,26986,1
4,1,4,17150,0
4,2,0,29810,1
3,2,0,88741,1
1,2,2,4437,0
0,1,2,35541,1
0,0,1,113159,1
2,2,4,157763,2
1,0,1,1097,1
0,0,0,36108,1
3,2,5,177822,1
2,2,0,140973,2
4,2,3,17382,0
1,0,4,2089,1
4,0,3,9450,0
3,0,0,75279,1
1,1,3,2515,0
4,1,3,23048,1
0,2,0,184982,1
2,2,4,46168,0
1,1,0,1112,0
5,0,4,94634,1
5,2,4,42264,0
2,2,0,70810,0
2,0,4,113976,2
4,1,4,12845,0
0,1,3,34261,0
5,2,5,53230,2
4,1,5,21162,1
3,1,4,100388,1
0,2,4,124023,1
2,0,5,199548,2
5,0,2,57726,1
3,1,2,190598,1
5,2,5,79158,2
0,0,4,168967,1
5,1,4,59328,2
2,0,5,118433,2
1,1,4,1939,0
4,0,4,25717,1
5,2,3,12631,0
4,1,0,14620,0
0,0,2,34893,1
0,1,0,73578,1
3,2,3,175967,1
2,2,2,28072,0
0,0,1,14885,1
0,0,2,76770,2
1,2,0,253,1
3,0,2,143648,1
4,1,0,10101,0
5,2,0,65288,0
1,0,4,3314,1
0,2,0,5947,1
1,1,5,4166,0
2,1,5,108115,2
2,2,2,146048,2
4,1,1,21688,1
5,2,4,50086,2
0,0,5,26275,1
1,2,0,4213,0
4,2,1,27960,1
3,2,4,32799,1
0,0,3,139066,0
5,2,1,91627,2
5,2,5,37991,0
2,1,4,193348,2
1,2,5,1018,2
0,0,4,57240,1
1,2,4,736,0
4,0,2,3891,0
2,0,5,34573,1
4,1,5,16502,0
4,1,4,10713,0
5,0,3,47452,1
1,1,3,2539,0
0,1,0,163304,1
4,1,1,2572,0
4,2,2,6750,0
1,0,5,2376,1
5,2,4,76340,2
4,0,0,12876,0
0,0,5,53423,1
1,0,1,934,1
4,2,1,15296,0
3,1,1,83139,1
0,1,0,174253,1
3,2,3,115863,1
4,2,3,29685,1
0,0,1,83368,1
3,2,3,123820,1
5,2,5,26426,0
1,1,4,2720,0
4,1,2,14153,0
4,2,1,3059,0
0,0,3,93342,0
2,0,3,173839,2
2,0,3,11932,1
4,0,1,21873,1
2,0,3,177559,1
5,2,1,59611,2
1,2,4,3548,0
2,2,2,54531,0
2,0,0,99543,1
2,1,4,123211,2
3,1,3,111920,1
1,1,3,436,0
5,0,1,112376,1
3,1,4,140513,1
3,1,0,94513,1
2,0,0,148044,2
3,1,2,50549,1
4,0,3,14809,0
4,0,0,28349,1
0,0,4,146196,1
4,2,4,10258,0
1,0,2,795,1
0,2,0,88885,1
2,0,5,177748,2
3,1,3,101189,1
1,2,4,2731,2
1,2,4,3353,0
4,2,1,27330,0
0,0,2,78232,1
0,1,0,111710,1
5,0,5,95382,1
1,1,1,3909,0
4,0,2,4582,0
1,0,2,2329,1
0,2,1,71509,1
2,1,1,145236,2
3,2,2,137208,1
1,2,1,2593,0
4,2,4,11527,0
0,0,4,146886,1
1,0,5,4717,1
0,2,1,103432,1
1,1,2,744,0
1,1,5,4154,0
4,2,4,20935,1
3,2,2,11816,0
1,0,4,1406,1
5,2,5,62492,2
0,0,4,32886,2
0,1,0,120403,1
2,1,2,158580,2
0,2,2,84797,1
0,0,0,14461,1
4,2,5,22479,1
3,2,3,144253,1
1,2,2,859,0
2,2,0,171926,2
2,2,4,88048,0
2,2,0,49568,0
3,0,5,64076,1
1,0,1,2227,1
3,1,2,25226,0
2,0,2,85360,1
4,0,5,4652,0
0,0,0,27329,1
1,0,0,3659,1
4,2,3,17634,0
5,2,1,65385,2
1,1,3,1402,0
1,2,2,2165,0
3,1,4,16383,0
2,0,0,92902,1
0,2,3,19321,0
4,1,2,3377,0
1,1,0,3952,0
1,1,2,28,0
4,0,2,8329,0
0,0,1,118068,1
4,1,5,22900,1
5,1,3,8772,0
5,1,5,72757,2
1,2,5,4434,0
1,2,1,1986,0
0,1,0,74401,1
0,0,1,76572,1
3,2,0,32675,1
1,0,1,565,1
1,0,0,4830,0
4,0,0,18570,0
4,0,2,8782,0
1,2,0,2413,0
3,2,4,173788,1
2,0,2,176221,2
1,1,1,2794,0
1,0,2,3072,1
4,0,5,14773,0
5,2,4,39743,0
4,1,5,9163,0
5,2,5,56278,2
2,2,5,122116,2
3,0,4,161265,1
3,0,4,73664,0
5,0,5,10733,0
3,1,1,186475,2
3,2,0,43717,1
1,0,0,224,1
3,2,1,19336,0
2,2,1,199057,2
0,2,2,42470,1
1,0,2,546,1
5,0,3,57804,1
4,1,5,7374,0
4,1,5,28853,1
0,0,3,34503,0
2,2,5,147548,2
2,2,2,161116,2
2,2,4,153522,2
0,0,1,155146,1
0,1,0,143420,1
0,0,3,101591,0
1,0,0,4441,1
1,2,0,1148,0
5,2,3,12651,0
3,1,0,115870,1
5,2,0,10149,0
3,1,1,61646,1
1,2,4,1209,2
2,0,3,58975,1
0,1,5,146619,1
4,1,1,5241,0
2,0,2,50641,1
1,1,0,208,0
0,1,0,196707,1
3,0,1,91951,1
2,0,4,137910,2
0,1,2,4351,1
2,1,1,87705,0
4,2,2,6742,0
1,0,4,901,1
5,2,5,88842,2
4,2,4,13188,0
5,2,2,72782,2
1,1,0,2314,0
3,1,0,3560,1
2,1,4,81617,0
1,2,0,1624,0
5,1,4,29060,0
2,2,4,134927,2
1,1,4,3223,0
0,2,1,180562,1
0,1,4,141201,1
1,2,1,2521,0
0,1,1,17903,1
4,0,1,14529,0
5,0,4,69478,1
1,0,5,2574,1
0,0,0,87288,1
5,2,1,119609,2
3,1,5,141989,1
5,1,1,87897,2
0,0,5,29202,2
5,0,0,17905,0
4,1,0,19488,0
1,0,2,3777,1
5,2,1,78143,2
1,2,2,3286,0
4,0,0,26939,1
5,1,0,106361,2
2,1,4,192544,2
5,2,2,78527,2
5,2,3,13174,0
0,2,5,125291,1
4,2,0,4105,0
3,1,2,154053,1
3,1,5,195992,1
3,0,4,53472,1
0,0,4,65150,1
1,2,4,3333,0
0,0,3,10023,0
3,1,1,117080,1
5,2,4,23046,0
5,1,0,10823,0
4,0,0,27430,1
4,1,5,10780,0
1,1,0,1266,0
0,1,0,184563,1
2,0,0,43437,1
4,0,1,26979,1
4,1,4,25663,1
2,0,0,161160,2
0,0,1,133036,0
5,2,0,52402,2
3,0,2,170043,1
0,0,0,26550,1
2,1,0,25881,0
4,1,4,20619,1
3,2,4,104211,1
2,1,0,103986,2
3,1,3,183146,1
3,2,2,58248,1
4,2,4,5948,0
2,0,3,157268,2
5,0,4,51993,1
3,1,0,74567,1
0,0,1,102211,1
1,1,3,3473,0
2,0,5,19579,1
1,0,4,2982,1
0,2,3,87460,0
3,2,0,16067,0
5,0,5,19596,0
1,1,5,3942,1
5,0,1,111161,1
3,0,2,176218,1
3,1,1,96798,1
5,1,4,106241,0
4,0,2,23005,1
5,1,2,114506,2
2,2,1,60359,0
5,1,0,24939,0
2,2,2,77876,0
0,0,5,80303,1
1,1,2,4405,0
1,2,5,374,0
3,0,4,87582,1
2,0,1,155751,2
0,2,2,118249,1
1,0,2,3716,1
0,2,5,26850,1
2,0,0,16740,1
5,1,5,25031,0
5,1,0,117786,2
2,2,3,170368,2
5,2,5,5184,0
0,1,2,107738,1
5,1,2,106676,2
5,0,1,58627,1
3,2,4,181818,1
1,0,5,724,1
1,2,2,3068,0
5,0,4,72022,1
1,0,3,815,1
4,1,1,21504,0
5,1,5,25675,0
4,2,0,28996,1
4,0,3,20950,1
2,0,5,140168,2
2,1,1,170171,2
3,0,5,143369,1
3,1,4,49258,1
0,2,5,6771,1
2,0,1,31251,1
3,1,3,34593,1
5,0,2,63616,1
5,1,3,35104,0
4,2,4,18841,0
2,0,4,97452,1
2,0,1,94617,1
0,0,4,99469,1
0,2,3,88761,0
1,1,3,2643,0
2,0,3,121583,2
0,2,2,185622,1
5,1,5,44784,0
0,0,0,85580,1
2,2,0,110738,2
0,2,3,111720,0
3,0,2,70304,1
3,0,5,54108,1
0,0,4,52430,1
1,0,3,2745,1
1,2,0,4244,0
5,1,5,5568,0
0,2,3,140419,0
3,1,3,90202,1
5,2,4,28737,0
4,2,1,4607,0
1,0,5,959,1
3,2,0,163941,1
0,0,0,10743,1
3,2,2,94836,1
3,2,5,122295,1
4,0,1,28530,1
5,0,0,109283,1
3,2,0,157450,1
4,2,3,19152,0
4,1,2,17434,0
3,0,5,79242,1
2,1,1,169664,2
0,1,4,134197,1
0,1,4,28730,1
5,0,3,38072,0
3,1,0,177359,1
1,0,3,1259,1
1,0,3,4005,1
5,2,2,89988,2
2,0,5,144025,2
4,2,2,16303,0
2,1,1,178637,2
1,2,3,952,0
4,2,5,24126,1
0,0,1,141598,1
3,0,3,73238,1
4,2,0,17857,0
1,1,5,3567,0
0,0,5,198630,1
1,0,1,96,1
2,1,1,187754,2
4,2,0,26688,1
5,1,5,65623,2
3,1,0,41740,1
2,0,4,55232,1
4,0,0,7597,0
5,1,1,44310,0
1,1,4,2531,0
0,2,3,87366,0
1,0,1,1793,1
5,0,4,113265,1
2,1,1,134911,2
1,2,3,4749,0
2,0,0,55378,1
0,2,2,64336,1
1,1,3,2574,0
4,1,0,29370,1
0,2,5,96276,1
5,2,3,118878,1
5,2,2,27922,0
2,0,4,117962,2
0,1,1,140180,1
4,1,2,1772,0
1,1,4,4216,0
4,2,2,16221,0
2,1,4,99495,0
5,1,2,26671,0
0,0,2,106654,1
3,0,0,86996,1
4,1,2,2578,0
2,2,5,18692,0
3,0,4,145374,1
3,1,4,145543,1
3,1,1,12473,0
2,2,0,104957,2
3,0,3,188582,1
5,0,5,68171,1
1,0,1,197,1
5,2,5,77940,2
4,2,0,23569,1
2,0,1,147191,2
4,1,5,19053,0
3,0,1,34396,1
5,2,0,80287,2
4,2,2,15470,0
5,0,0,59701,1
1,2,0,3517,0
2,1,5,94478,0
2,1,5,22471,0
1,0,5,3540,1
0,0,4,51685,1
5,0,0,104351,1
4,0,1,20460,1
0,2,5,169750,1
0,1,1,14650,1
3,1,5,143834,1
2,2,5,188477,2
4,0,5,1174,0
5,2,1,32624,0
5,0,3,40849,0
3,2,5,95488,1
3,0,1,41221,1
1,0,0,1250,1
4,0,3,26901,1
2,2,1,80072,0
2,2,0,104426,2
3,0,4,194058,1
3,2,3,108245,1
5,0,5,68697,1
2,1,5,69930,0
2,1,0,48378,0
2,0,0,192831,0
3,0,4,83120,1
3,0,0,109141,1
4,0,5,28652,1
4,0,2,19386,0
5,1,2,7739,0
2,0,1,159997,2
5,1,5,92291,2
1,1,2,4199,0
0,2,3,43111,0
0,0,4,108252,1
2,1,1,1183,0
1,0,1,4144,0
3,1,2,125177,1
3,2,2,121470,1
2,1,5,21721,0
3,1,4,36754,1
5,2,0,65402,2
4,1,2,26095,0
0,1,2,59658,1
2,2,3,133595,2
0,2,5,128856,1
1,0,5,1311,1
1,1,4,1390,0
0,2,3,173563,0
2,2,2,179446,2
3,1,5,114312,1
2,2,2,151738,2
5,2,3,85068,2
3,2,2,75597,1
1,2,5,2791,0
4,0,2,10167,0
1,2,4,3218,0
1,1,5,602,0
4,1,3,17501,0
2,2,4,42701,2
0,1,4,81739,1
1,0,3,60,1
2,0,5,165032,2
2,1,4,125702,2
1,1,5,1576,0
0,2,3,185322,0
3,1,5,73646,1
4,0,5,7323,2
0,0,5,164733,1
4,1,2,16026,0
2,2,3,195723,2
2,0,2,146476,2
1,2,0,1317,0
0,1,4,178176,1
0,0,1,137738,1
4,2,2,27706,1
5,0,5,90328,1
1,1,1,3561,0
0,1,4,160113,1
3,1,3,57039,1
3,1,5,127293,1
0,2,1,33655,1
4,2,5,2647,0
2,1,3,71791,0
3,2,3,10276,0
5,1,0,81183,1
2,0,1,58410,0
4,0,1,4821,0
1,2,1,4082,0
0,0,3,141019,0
0,0,3,178659,0
0,2,5,24956,1
2,1,2,143307,2
5,0,0,69002,1
1,0,1,3833,1
5,1,1,113267,2
5,2,3,18184,0
1,0,2,728,1
3,0,3,178813,1
2,1,3,92511,0
5,0,1,25172,0
0,1,1,30732,1
5,0,4,41737,0
3,2,3,88099,1
4,1,3,28399,1
3,1,5,80813,1
2,2,0,72780,0
2,1,2,135612,2
0,1,4,96554,1
3,1,1,117575,1
4,1,3,22219,1
5,2,3,78858,2
3,2,5,199655,1
5,0,0,8180,0
1,1,4,2160,0
1,2,3,4324,0
1,0,2,1372,1
3,0,0,161428,2
2,2,0,179124,2
0,1,1,162862,1
4,1,0,19436,0
1,1,1,2397,0
4,2,0,12775,0
1,2,3,2155,0
5,1,5,10868,0
2,0,1,131629,2
3,0,2,144460,1
2,2,1,123340,2
2,1,3,148295,2
3,2,0,158782,1
1,1,3,3409,0
5,0,5,51131,1
5,1,4,43518,0
2,0,0,29291,1
0,0,5,30031,1
3,0,2,84549,1
0,0,5,199576,1
4,0,0,26109,1
3,1,2,155521,1
5,2,3,16821,0
4,2,0,25130,1
2,1,1,41994,0
1,0,2,4301,1
0,2,2,187121,1
3,0,3,128095,1
2,2,5,199626,2
0,1,4,185041,1
2,1,2,46659,0
4,1,0,24538,1
3,0,0,66483,1
1,2,3,197,0
2,1,4,121494,2
0,1,1,165553,1
2,2,1,102653,2
0,2,2,20371,1
5,1,5,73404,2
4,1,5,10189,0
0,2,5,121144,1
2,2,4,35834,0
2,2,3,22693,0
2,0,5,43757,1
4,0,0,14226,0
3,2,5,45077,1
2,0,4,67487,1
0,0,3,44091,1
2,1,4,189005,2
4,2,0,10184,0
2,1,1,53798,0
1,1,2,689,0
3,2,0,171047,1
3,1,2,12811,0
4,0,5,17030,0
1,0,4,1518,1
1,0,4,4551,1
2,2,4,63344,0
0,2,5,163095,1
2,1,1,137451,2
5,0,1,37429,0
5,2,1,32721,0
4,0,0,26759,1
1,0,3,1690,1
5,2,0,9535,0
3,2,3,135803,1
5,1,0,60303,2
0,1,2,7937,1
0,0,3,151384,0
3,1,1,119814,1
0,2,4,115840,1
0,0,0,171754,1
5,2,3,11452,0
3,1,0,62921,1
2,0,1,50724,1
3,0,3,121720,1
0,2,3,12933,0
0,0,2,14452,1
0,2,5,17368,1
0,0,2,97070,1
3,0,0,170024,1
2,1,5,74343,0
0,2,2,5518,1
2,0,1,52602,1
0,2,1,171082,1
2,0,2,190387,2
0,1,0,53974,1
0,2,0,13038,2
4,2,2,6346,0
3,0,2,191092,1
3,1,5,188858,1
4,1,2,23682,1
1,1,0,791,0
4,0,0,26953,1
5,0,3,42124,0
4,2,1,12689,0
0,2,1,33795,1
0,2,1,51898,1
5,0,0,58822,1
3,1,5,154911,1
5,1,4,119154,2
2,1,1,40584,0
3,1,1,188797,0
3,2,5,133025,2
5,0,4,27976,0
0,1,5,164967,1
5,0,0,119317,1
0,0,0,199338,1
1,2,3,4072,0
4,2,2,7171,0
1,1,1,1703,0
0,1,2,76058,1
4,0,5,27239,1
3,1,3,55637,1
3,2,0,185185,1
1,0,4,761,1
1,0,5,2090,1
0,0,4,73725,1
4,1,4,15125,0
1,1,2,3512,0
1,2,3,1926,0
0,0,0,151436,1
1,0,0,3148,1
0,0,4,59783,0
5,2,1,20973,0
0,2,0,144398,1
1,0,3,4604,1
3,1,4,180623,1
0,0,3,74007,0
4,2,4,4683,0
4,0,5,4867,1
1,1,3,1852,0
4,0,0,1113,0
4,1,2,12270,0
5,1,4,13702,0
1,1,0,3464,0
5,0,3,59576,2
4,2,5,7415,0
5,2,4,69871,2
4,2,2,9272,0
5,0,4,79284,1
4,0,3,9981,1
3,2,5,42658,1
1,1,1,2851,0
3,1,2,80462,2
2,2,1,153493,2
3,0,4,48589,1
2,2,2,194138,2
3,0,2,88331,1
0,1,3,197938,0
5,2,0,54055,2
2,1,1,186076,2
1,0,1,2485,1
2,2,4,31116,0
5,1,2,36978,0
0,2,0,162562,1
0,0,3,169229,0
3,2,3,49966,1
1,2,2,2399,0
0,2,0,75757,1
3,1,3,87962,1
4,1,0,25328,1
4,2,2,29113,1
3,1,1,68765,1
3,0,0,4768,0
1,2,0,139,0
3,0,2,91642,1
0,0,2,25415,1
1,0,1,1475,1
3,1,2,96107,1
1,0,1,4483,0
4,0,0,12295,0
4,0,0,5877,0
4,2,1,28011,1
4,1,4,27473,1
0,2,3,2026,0
1,0,5,1672,1
1,1,4,4595,0
0,2,4,162737,1
1,0,0,3913,1
1,2,5,859,0
5,1,1,85903,2
1,1,4,2872,0
0,2,3,197215,0
1,2,3,2583,1
2,0,5,57752,1
5,1,1,106206,2
2,1,3,72341,0
4,0,1,17457,0
5,0,1,27174,0
5,1,1,117204,2
5,0,1,81716,1
4,1,3,6142,0
4,0,3,24615,2
4,1,5,18478,0
5,2,0,47029,2
5,0,5,104435,1
1,0,5,3779,1
3,2,5,117031,1
5,2,0,76712,2
5,2,4,116059,2
3,1,3,18014,0
5,0,1,54865,1
2,0,0,62626,1
4,0,2,14457,0
2,2,3,63646,0
2,0,0,185282,2
4,0,2,22062,1
5,1,5,49501,0
0,2,0,103594,1
2,1,2,100751,2
1,2,3,1326,0
2,1,1,104542,2
0,2,0,20081,1
3,0,4,94333,1
1,1,5,3539,0
5,1,0,18749,0
4,2,5,9938,0
2,1,3,49572,0
3,2,4,141574,1
2,2,0,21529,0
1,1,0,4074,0
0,2,1,94140,1
3,0,3,66713,2
1,0,5,104,1
1,2,5,3736,0
2,2,2,149174,2
5,0,1,84357,1
3,2,0,80366,0
1,1,2,3830,0
5,1,2,115618,1
1,1,0,2024,0
0,0,5,104156,1
2,2,5,119173,2
2,1,0,122700,2
5,0,5,105192,1
3,2,4,189690,1
4,0,5,8896,0
5,2,5,50364,2
1,1,1,2678,0
4,0,0,10022,0
5,2,5,89971,0
0,0,0,116908,1
1,0,0,2190,1
4,0,3,24061,1
1,1,0,783,2
2,1,4,181770,2
0,2,2,44453,1
5,0,1,37746,0
4,2,5,15773,0
0,0,3,194044,0
3,1,0,91126,1
0,1,1,181784,1
1,2,1,1111,0
4,0,0,2107,2
5,2,0,82847,2
1,1,4,3008,2
2,0,4,182128,2
2,2,4,184753,2
2,1,0,54832,0
2,1,1,167549,2
4,2,5,6515,0
2,0,3,71738,1
3,0,2,3818,0
2,1,2,37426,0
5,1,3,108504,2
2,1,3,181547,2
4,0,1,28654,1
3,1,0,143365,1
5,2,3,103066,2
0,1,1,51177,0
2,2,2,145338,2
2,0,5,110367,2
4,2,4,6948,0
3,0,1,86980,1
2,0,0,26090,1
3,1,2,9836,0
4,1,3,6418,0
1,0,5,4677,1
1,0,0,1396,1
0,1,4,141896,1
2,2,3,187510,2
4,2,4,19211,0
5,1,1,83576,2
3,0,3,111096,1
0,1,1,164167,1
4,2,4,9234,0
0,0,5,148046,1
2,0,0,119350,1
3,0,2,145513,1
1,0,3,2656,1
3,1,1,95453,1
2,2,0,35350,0
2,0,5,167357,2
4,2,1,19743,0
3,0,4,173327,1
2,0,1,13165,1
5,2,0,109177,2
0,1,2,31924,1
5,2,1,76527,2
5,0,2,81506,1
5,0,3,21659,0
4,2,4,22993,1
2,1,1,25578,0
2,1,5,152894,2
1,2,2,4991,0
4,1,4,27062,1
0,2,1,172701,1
1,2,2,2307,0
5,2,5,83380,2
1,0,3,3911,1
2,1,0,101612,2
1,0,0,2710,1
2,1,0,27503,0
5,0,3,114353,1
4,2,5,24254,2
5,1,5,38893,0
5,0,4,63392,1
4,1,1,13083,0
3,2,2,135534,1
5,1,4,5809,0
3,2,4,96200,1
1,2,3,2229,0
4,1,4,28809,1
2,1,4,136465,2
3,0,2,138623,1
2,0,0,125155,2
3,0,3,45989,1
4,0,4,24251,1
5,1,0,109522,2
4,2,2,18610,0
5,1,5,53277,2
4,0,5,5168,0
5,0,0,70590,1
3,1,1,174820,1
4,0,4,28949,1
5,0,5,22106,0
3,0,5,74527,1
0,2,2,12401,1
0,2,1,24733,2
4,0,3,5515,0
4,1,0,15562,0
1,1,1,1161,0
4,1,5,12191,0
1,1,3,2983,0
4,0,1,6042,0
0,0,3,57897,0
2,1,2,117400,2
1,2,5,3406,0
2,0,4,138651,2
1,0,0,4129,1
4,0,2,27304,1
0,1,0,78589,1
3,2,2,34797,1
1,0,1,3253,0
3,1,5,70224,1
3,1,4,87729,1
3,2,1,103253,1
2,2,0,45527,0
1,1,4,797,0
4,2,1,1397,0
2,2,3,194433,2
2,1,1,28394,0
5,2,0,66949,2
1,1,3,2699,0
5,0,4,80178,0
5,2,3,47193,0
3,0,2,70550,1
3,0,3,148530,1
0,1,1,35182,1
4,1,3,27431,1
4,2,1,23607,1
1,1,2,4902,0
5,1,0,57702,2
2,0,4,26946,1
4,0,1,22131,1
1,0,4,365,1
4,1,3,16698,0
2,2,5,5254,0
1,0,4,4961,1
4,0,3,12973,0
2,2,4,186468,2
2,0,1,28587,1
3,1,0,191354,1
0,1,4,169710,1
2,1,3,111744,2
0,1,0,135059,0
5,2,4,109631,2
4,0,4,28288,1
1,0,5,645,1
5,0,4,8218,0
0,0,3,147861,0
5,0,0,98384,1
5,1,0,79045,2
3,0,2,119016,1
3,2,4,88452,1
3,2,0,83243,2
4,2,1,5625,0
5,1,0,113030,2
4,0,1,25882,1
1,0,0,4448,1
3,0,3,100554,1
0,2,5,12973,1
0,0,4,134902,1
2,1,3,33474,0
2,0,1,37951,1
3,0,2,65356,1
5,2,5,61090,2
3,0,0,51162,1
3,2,5,170252,1
1,2,1,3849,0
2,0,4,171134,2
2,1,0,149368,2
4,1,1,19263,1
0,1,5,131400,1
0,0,4,99731,1
1,0,5,2125,1
4,1,4,6270,0
4,0,5,9354,0
2,2,1,177342,2
1,1,4,4032,0
3,0,1,104207,1
0,1,4,180716,1
1,0,5,3540,1
4,1,5,28733,1
4,2,2,26302,1
2,2,0,84785,0
0,2,2,84500,1
4,2,1,4144,0
2,2,5,27763,1
3,0,5,171242,1
1,2,3,677,0
1,2,4,3210,0
1,1,2,3376,0
0,0,2,2026,1
2,2,2,99708,0
0,1,4,122651,1
3,2,0,2571,0
5,0,1,56369,1
4,2,5,14501,0
1,0,1,3555,1
0,0,2,66244,1
4,0,4,11935,0
1,1,1,2528,1
1,0,3,456,1
5,2,0,16288,0
3,0,4,159648,1
4,1,1,13737,0
5,1,2,34730,0
4,1,3,5824,0
4,2,5,6696,0
5,2,4,16620,0
0,0,2,21146,1
5,2,4,97381,2
3,1,2,43212,1
1,0,3,4792,1
0,2,3,115901,0
5,0,2,42157,2
0,1,2,80850,1
3,1,2,97046,1
4,1,4,16245,0
2,2,0,9288,0
5,0,4,40460,0
5,0,5,14552,0
5,2,0,17287,0
1,2,3,3098,0
4,1,2,18940,0
3,2,1,143563,1
5,2,5,20041,0
0,1,1,161839,1
5,1,5,106992,2
4,1,2,25125,1
1,2,1,2318,0
0,2,5,163456,1
3,1,3,120023,1
2,1,1,137929,1
4,1,4,29427,1
2,0,5,40407,1
3,1,5,68895,1
5,1,5,63644,2
5,2,0,111864,2
0,0,2,137429,1
3,2,2,185572,1
4,2,1,20121,1
2,2,0,28169,0
4,2,2,12325,0
0,0,1,136303,1
2,0,5,74179,1
2,1,4,146597,2
1,2,4,2628,0
5,1,0,119140,0
5,1,1,59672,2
2,0,5,126171,2
1,2,2,3628,1
4,2,4,8355,0
0,1,4,6203,1
3,2,5,198507,1
1,2,2,1834,0
0,0,1,175501,1
1,1,3,4148,0
1,2,0,4654,2
1,2,1,2855,0
0,0,5,62134,1
4,0,3,22170,1
1,0,0,26,1
2,1,2,161981,2
2,2,5,178347,2
5,1,5,108444,2
2,2,5,170636,2
2,2,4,126806,2
3,1,3,29381,0
2,2,4,104242,1
1,0,2,4828,1
3,1,4,44047,1
0,1,1,25692,1
5,1,4,92206,2
5,1,5,38698,0
4,1,4,23541,1
5,1,2,65433,2
5,2,0,111536,2
2,0,2,80059,1
1,2,0,3086,0
1,0,0,2043,1
5,1,4,79695,2
4,2,1,3341,0
1,2,1,3370,0
4,1,2,19990,0
3,0,2,42129,1
4,2,4,7679,2
1,2,4,1230,0
2,0,5,27561,0
2,1,1,73420,0
0,0,3,157153,0
2,1,5,4850,0
1,1,1,2472,0
2,2,3,77199,0
1,2,4,116,0
5,1,4,52066,2
5,1,5,85610,2
1,0,5,3954,1
3,0,1,95312,1
0,0,3,31452,0
3,0,3,6502,0
1,0,1,4307,1
1,1,4,564,0
2,2,3,61495,0
0,1,5,140241,1
5,0,1,106073,1
3,0,5,91685,1
5,0,3,110195,1
5,0,4,30396,0
5,2,4,83461,2
1,2,5,4317,0
4,2,1,29253,1
1,1,5,3440,0
4,1,1,5948,0
1,0,4,2666,1
3,2,4,63093,1
4,2,5,18169,0
1,0,4,416,1
4,2,1,26484,1
0,1,3,15124,0
2,2,1,191702,2
0,2,2,151005,1
2,1,3,34426,0
2,1,3,57439,0
2,1,3,166007,2
5,1,0,88283,2
4,0,3,21347,1
4,1,5,18163,0
0,2,2,174733,1
3,2,0,176838,1
3,1,1,105366,1
5,0,5,48089,0
1,2,5,1435,0
4,0,1,13425,0
4,2,4,28029,1
2,2,0,147586,2
4,1,4,10381,0
4,0,5,17575,0
0,1,3,67255,0
5,2,2,5049,0
0,0,4,175614,1
0,2,1,131040,1
1,2,3,1164,0
2,1,3,63681,0
3,0,1,190394,1
1,2,0,775,0
4,0,1,23570,1
0,1,3,98154,0
4,0,2,7528,0
0,2,4,106402,1
2,0,0,180477,2
4,0,3,26651,1
4,0,4,5625,0
4,0,4,6285,0
4,0,1,18496,2
2,1,3,190421,2
3,1,1,125717,1
3,1,1,175693,1
0,2,3,165422,0
0,2,5,2912,1
2,0,2,34789,1
2,2,1,90667,1
1,0,3,1693,1
5,0,2,76807,1
3,1,0,23103,0
4,1,3,28396,1
0,0,2,14674,1
3,1,2,174373,1
1,2,1,3101,0
1,1,4,3295,0
5,2,1,5471,0
4,0,4,20733,1
1,0,4,222,1
0,0,0,116132,1
5,2,3,105459,2
0,1,0,134391,1
0,0,5,157217,1
5,1,5,102429,2
0,1,3,147211,0
0,1,3,145197,0
4,0,5,17822,0
0,0,3,169973,0
5,0,5,116738,1
0,1,3,92837,1
0,2,1,61331,1
0,0,1,142192,1
1,1,2,2418,0
5,1,5,66659,2
0,1,4,124507,1
0,2,4,63481,0
3,2,4,161263,1
2,2,2,117935,2
4,2,5,7222,0
5,0,0,78997,1
2,0,5,97807,1
5,2,0,97287,2
2,0,2,18529,1
0,2,0,193064,1
2,1,0,68808,0
1,1,5,3654,0
4,1,0,1704,0
4,2,4,28785,1
0,0,3,87782,0
5,0,4,21413,0
2,2,5,150690,2
3,0,2,82642,2
3,2,4,142317,1
5,0,5,78245,1
2,1,3,198589,2
4,2,2,13116,0
4,0,2,5883,0
2,0,2,102382,2
4,2,3,16450,0
1,2,5,1393,0
1,1,4,2473,0
4,2,4,20318,1
3,1,4,86618,2
1,1,3,4246,0
4,1,2,20809,1
4,2,0,4902,0
2,0,3,157929,2
3,2,2,13603,0
3,1,5,133427,1
2,1,0,156379,2
5,1,1,88405,2
0,0,3,181440,0
2,2,2,50102,0
5,0,1,42756,0
5,1,5,10484,0
1,1,5,2633,0
1,2,3,1819,0
2,2,5,28970,2
3,0,3,4231,0
2,0,5,178349,2
1,2,1,1798,0
3,0,5,49715,1
5,0,0,84998,1
5,2,2,85680,2
0,1,3,170415,2
5,1,3,101228,2
5,2,0,85693,2
3,1,5,108157,1
3,1,0,69719,1
2,2,4,46015,0
4,2,0,22916,1
1,1,3,4226,0
4,0,4,9835,0
1,2,3,474,0
0,2,3,29025,0
2,2,3,19182,0
5,2,5,119067,2
4,1,0,20303,1
2,2,1,196044,2
4,0,2,19468,0
5,2,3,76989,2
3,2,4,193113,1
3,1,3,166342,1
3,1,4,186077,1
5,2,5,86539,2
4,0,0,27265,1
4,0,1,16297,0
1,2,0,2644,0
5,2,0,89331,2
0,1,4,118620,1
5,0,1,111865,1
0,0,1,20841,1
0,2,5,72971,1
3,2,3,114078,1
2,2,4,29507,0
0,1,1,112656,1
4,2,1,20967,0
0,0,0,100178,1
3,2,2,148207,1
0,1,3,41528,2
2,0,2,133701,2
0,2,1,116849,1
4,0,2,14693,0
2,0,2,171647,2
5,2,0,67236,1
5,1,5,65621,2
2,1,3,121305,2
2,2,2,122266,2
4,0,2,18191,0
3,1,5,85548,1
1,0,0,4253,1
5,0,0,99990,1
2,0,1,80581,1
3,0,0,174247,1
0,2,3,106331,0
5,0,4,84463,1
0,2,1,21279,1
3,0,0,76108,1
0,2,4,64062,1
5,0,3,74225,1
3,1,0,84428,1
1,2,0,4183,0
4,2,2,5795,0
5,1,4,72029,2
5,2,0,58572,2
5,2,5,52058,2
4,1,3,23004,1
5,1,5,48740,0
1,0,1,4390,1
5,1,5,16420,0
3,2,3,195780,1
0,1,1,175081,1
4,2,5,20719,1
0,0,0,132356,1
4,2,1,20791,1
5,2,0,89861,2
4,0,0,2553,0
0,2,4,113025,1
0,0,4,27504,1
5,2,3,117472,2
1,1,5,1004,0
5,0,4,29751,0
2,1,2,80836,0
5,2,4,102176,2
3,2,2,179928,1
4,2,2,14765,0
2,1,0,15350,0
5,1,2,27627,0
1,0,3,119,1
1,1,0,88,0
5,2,2,82845,2
4,2,4,17053,0
2,0,0,40108,1
0,0,2,25168,1
0,2,1,34334,1
1,2,3,2343,0
1,0,4,2708,1
1,1,1,4625,1
3,1,5,149440,1
1,2,0,3011,0
1,0,3,3218,1
1,0,3,1456,1
4,0,2,7259,0
5,1,3,80144,2
2,2,5,161928,2
5,2,5,57110,2
3,0,5,165526,1
0,2,5,20434,1
0,2,5,38824,1
5,1,1,103334,2
3,2,5,130079,1
5,2,4,72917,2
2,0,4,6414,0
1,2,3,4040,0
3,0,5,72976,1
4,0,2,16534,0
0,2,2,13274,1
4,2,1,23002,1
0,1,5,129051,1
1,2,4,540,0
2,2,3,119087,2
5,0,0,101241,1
4,0,5,11218,0
0,1,3,17142,0
2,2,3,94486,0
5,1,1,102822,2
3,2,2,64824,1
2,2,0,18197,0
3,2,4,36929,1
3,2,4,48447,1
1,2,1,3237,0
3,1,4,91323,1
0,0,5,106349,1
1,1,3,3718,0
3,0,0,110868,1
4,0,1,24877,1
5,0,4,53449,1
0,0,3,161741,0
0,1,3,83592,0
4,1,2,19010,0
1,1,1,4904,0
2,1,3,78824,0
1,1,1,167,0
5,1,4,29015,0
5,1,2,106370,0
2,1,1,40819,0
2,2,2,177761,2
3,0,2,90678,1
0,1,4,161345,1
0,1,1,114962,1
4,0,3,5884,0
5,1,5,114223,2
3,1,3,50319,1
3,0,2,79820,1
3,1,3,185467,1
3,2,5,170612,1
2,0,3,31086,1
2,2,1,189177,2
3,1,3,117339,0
2,2,2,197234,2
0,1,1,101483,1
4,2,0,7377,0
1,0,1,3206,1
1,2,4,3823,0
0,2,0,192423,1
4,0,4,9120,0
5,1,2,82765,2
2,0,2,136765,2
2,2,1,88715,0
2,2,3,114543,2
0,0,1,99726,1
1,2,5,4276,0
3,0,0,165707,1
1,0,5,3682,1
2,0,3,45144,1
3,2,3,62386,1
1,0,5,2288,1
5,1,1,15319,0
4,2,0,29457,1
2,2,2,141544,2
1,2,4,74,0
4,0,4,11673,0
5,2,5,93734,2
1,0,3,1615,1
4,1,1,1145,0
5,0,5,49991,0
0,1,4,91072,1
2,0,5,137733,2
0,1,2,84876,1
2,1,1,8765,0
0,0,5,76010,1
1,0,1,3912,1
3,0,4,148537,1
3,2,2,133952,1
1,1,2,3020,0
1,0,5,1106,1
2,2,0,56805,0
2,1,0,32900,0
0,0,4,170943,1
0,0,1,115627,0
2,1,1,22915,0
4,1,1,23108,1
4,1,2,27841,1
5,1,0,9960,0
3,0,5,29492,0
4,2,2,2108,0
4,2,2,10467,0
3,0,4,87279,1
4,2,4,11517,0
3,0,3,62749,1
5,1,3,14544,0
0,0,1,44059,1
4,0,4,4793,0
0,2,2,196429,1
3,2,4,15601,0
1,0,4,3558,1
4,2,5,6793,0
2,2,4,1029,0
1,1,4,2448,0
2,1,4,157307,2
3,0,1,71642,1
0,2,3,139391,0
1,2,0,749,0
5,1,4,85019,2
4,0,1,4389,0
3,1,2,147235,1
4,2,0,10845,0
4,2,5,9802,0
2,0,3,64899,1
5,2,5,74016,2
5,2,1,77210,2
2,0,5,17544,0
1,1,0,2531,0
3,2,1,54009,1
2,1,3,125576,2
4,1,3,15715,1
2,1,4,70143,0
0,0,5,3390,1
0,1,1,125338,1
3,0,3,57233,1
0,0,5,139181,1
1,2,5,2506,0
0,2,1,14686,1
1,1,3,541,0
5,2,4,34126,0
5,0,3,92744,1
0,0,4,173609,1
4,1,1,22189,1
1,1,5,4036,0
5,1,1,22297,0
2,2,4,194189,2
3,2,0,34598,1
2,1,5,71675,0
3,0,4,17540,0
5,0,5,87634,1
4,1,5,20227,2
3,2,3,85806,1
3,2,2,174975,1
5,2,4,86268,2
5,1,3,111561,2
3,1,1,143310,1
0,1,4,132879,1
1,1,4,667,0
2,0,4,145891,2
4,2,1,27552,1
4,0,2,11248,0
2,2,4,197075,2
1,0,4,3317,1
5,0,0,44169,0
4,2,5,18546,2
2,1,0,160727,2
1,2,4,4567,0
1,0,2,4437,1
5,0,2,28778,2
4,2,1,18569,0
5,2,2,94292,2
2,0,1,38876,1
4,2,0,2923,0
0,0,4,25642,1
3,0,4,45898,1
1,2,2,4921,0
2,1,5,70722,1
4,2,4,21970,1
3,0,3,190085,1
5,0,0,87911,2
3,1,2,15797,0
0,1,3,124308,0
1,0,1,3001,1
1,2,3,3177,0
4,0,3,13171,0
5,2,4,43758,0
1,1,1,2593,0
1,2,3,2503,0
0,1,0,1648,1
1,0,4,4127,1
1,2,4,2979,0
0,2,5,166654,1
5,2,3,8686,0
1,2,4,434,0
2,1,3,171420,2
4,0,4,12041,0
4,2,4,8037,0
5,2,4,94402,2
3,2,3,172776,1
2,0,1,120596,2
1,1,5,4396,0
5,0,2,118232,1
2,0,2,39905,1
2,0,1,113549,1
1,1,4,4934,0
0,1,2,42098,1
3,2,5,139396,1
5,1,1,27255,0
4,0,1,16747,0
3,2,2,82071,0
0,0,2,30764,1
1,2,4,2570,0
0,0,3,104146,0
1,0,0,392,1
3,0,5,50569,1
3,0,3,186383,1
5,0,1,111816,1
5,1,0,21790,0
3,2,2,17477,0
2,0,2,89586,1
0,0,3,95612,0
4,1,4,9893,0
5,0,0,113126,1
4,1,5,11100,0
1,1,2,2057,0
4,0,0,10369,0
0,1,5,128095,1
0,0,0,48333,1
4,1,1,15817,2
3,2,3,50554,1
0,2,1,155405,1
5,1,4,112223,2
1,2,3,518,0
0,0,3,63585,0
5,2,4,107247,2
1,0,2,4361,0
0,0,1,100526,1
2,1,5,124141,0
4,0,1,17178,0
2,1,3,127659,2
5,2,4,105203,2
4,0,0,11020,0
3,1,1,79422,1
3,0,3,98422,1
2,1,1,122886,2
0,1,5,20691,1
0,1,5,44400,1
0,2,0,150917,1
2,0,2,64589,1
1,1,2,3302,0
5,1,4,69904,2
3,2,4,32688,1
0,0,4,31907,1
5,2,5,115551,2
5,1,2,117484,2
5,2,3,111489,2
2,2,1,37259,0
1,1,1,3739,0
0,2,5,12652,1
2,0,3,10451,1
1,0,2,4986,1
2,2,3,73285,0
4,1,2,7672,0
4,0,1,16389,1
0,1,4,103305,1
2,1,4,108580,2
0,2,3,11477,0
3,1,0,139161,1
0,2,3,128990,0
0,2,4,67953,1
5,1,3,47406,0
5,2,5,91417,2
5,0,0,18986,0
2,0,4,199683,2
2,1,0,97362,0
2,1,0,166714,2
0,1,2,57671,1
0,2,3,183028,0
0,0,2,89585,1
1,0,3,4483,1
0,1,5,193758,1
0,1,4,148797,1
5,0,1,99744,1
4,1,3,23613,1
4,2,1,27294,1
5,0,1,55180,1
2,1,1,39493,0
1,1,5,1444,0
0,0,5,181114,1
0,1,4,69957,1
3,1,5,10343,0
4,0,2,21182,2
1,2,1,3154,0
3,2,1,190192,1
4,2,4,2483,0
1,2,5,3860,0
1,1,0,4220,0
2,0,0,187425,2
5,1,4,38410,0
3,2,5,59217,1
4,0,3,5225,0
3,2,0,111612,1
5,1,4,74185,2
4,2,1,27143,1
4,0,4,20673,1
3,2,4,111651,1
2,0,4,153471,2
3,0,3,75764,1
2,0,2,44745,1
1,2,5,2172,2
1,0,0,186,1
3,2,3,126593,1
0,1,0,45554,1
4,0,5,10108,0
0,0,2,54430,2
3,0,4,146810,1
2,0,0,17346,1
1,2,3,3912,0
0,2,3,89397,0
4,2,5,5670,0
2,0,0,96300,1
5,2,1,97721,2
3,2,5,75780,1
4,0,3,24228,1
2,2,2,62856,0
4,2,2,6061,0
1,2,5,372,0
3,2,0,76853,1
2,2,3,13509,0
4,2,3,14370,0
2,0,0,86670,1
0,1,4,145233,1
2,0,5,7358,0
1,0,1,4757,1
3,2,0,96914,1
2,1,0,104540,1
3,0,2,83946,1
2,1,4,196440,2
3,0,1,70921,1
1,2,2,3745,0
0,1,5,40498,1
2,2,4,126331,2
1,0,2,867,1
0,0,2,63147,1
0,0,2,143969,1
4,0,0,9346,0
0,2,3,17719,0
4,2,0,8575,0
0,2,2,146754,1
2,2,3,134853,2
3,0,0,55531,1
0,2,4,76315,1
1,1,0,3602,0
2,2,2,86098,0
4,0,2,4494,0
3,0,3,170849,1
1,1,5,4209,0
1,1,2,915,0
4,2,5,8531,0
0,2,3,23575,0
2,0,5,153137,2
4,1,4,25240,1
3,0,3,144528,1
0,0,3,149425,0
1,2,5,919,0
3,1,4,178983,1
3,2,1,161251,1
1,2,4,775,0
0,2,1,124304,1
2,1,3,150377,2
1,2,1,3291,0
1,1,2,206,0
4,1,3,12541,0
5,0,0,94239,1
3,1,5,15429,0
1,0,3,3294,1
4,1,3,1953,0
0,0,1,34634,1
2,1,4,70407,0
3,0,2,188353,1
2,1,0,52631,0
5,2,3,119286,2
0,1,2,85203,2
2,1,0,109367,2
4,1,2,10386,0
1,1,5,4186,0
1,0,3,2033,1
2,0,0,53007,1
1,1,2,1622,0
4,0,5,29198,1
0,0,0,196799,1
0,0,4,148962,1
2,0,3,15547,1
5,1,4,62846,2
4,0,1,1296,0
0,1,1,99739,1
3,1,1,99758,1
5,1,2,54068,2
0,1,5,185637,1
3,1,3,29602,0
5,1,4,25507,0
5,2,1,39641,0
2,1,0,169242,2
5,1,1,95780,2
1,1,3,710,0
2,2,1,58355,0
2,0,3,85006,1
2,2,5,138213,2
1,0,1,1310,1
0,1,1,67517,1
5,0,0,87783,1
5,0,4,107801,1
4,1,2,24394,1
0,0,2,107776,1
1,1,3,2212,0
2,0,0,181385,2
1,0,1,1910,1
0,1,0,102802,1
4,0,5,9395,1
3,1,1,136769,1
4,0,2,18735,0
1,0,5,4855,2
2,2,4,130219,2
5,2,1,116577,2
3,0,3,53055,1
2,2,0,135759,2
3,0,3,150327,1
4,2,1,6520,0
0,1,0,130474,1
5,0,0,101325,1
2,2,2,119458,2
0,0,2,176738,1
3,2,5,16386,0
3,1,4,153990,1
1,0,5,3605,1
1,0,2,4933,1
3,2,0,102189,1
4,2,0,10269,0
2,0,0,100976,2
5,0,1,11369,0
2,0,2,183978,2
5,0,5,15721,0
3,1,4,160953,1
2,1,0,63065,0
0,2,0,176357,1
5,2,3,72744,0
3,0,1,122062,1
2,1,5,115903,2
3,0,4,35933,1
3,0,1,11648,0
4,0,4,11103,0
1,1,4,4338,2
5,1,2,61498,2
3,2,5,130817,0
0,0,3,17390,0
3,1,3,124229,1
0,2,1,100258,1
1,2,5,1954,1
1,1,5,206,0
5,2,2,117709,2
2,2,1,170020,2
5,1,0,18904,0
3,0,4,185575,1
0,1,1,129675,1
1,1,5,1721,0
4,0,5,19319,0
4,2,3,3971,0
2,2,1,157105,2
5,1,4,47106,0
2,1,1,136780,0
1,0,0,308,1
5,2,0,77138,2
1,1,0,1616,0
4,0,1,7311,0
4,2,1,7336,0
3,1,1,46388,1
5,0,4,27812,0
2,1,2,90819,0
1,1,2,1697,0
1,0,2,2445,1
5,0,3,55709,1
0,0,4,43714,1
4,2,4,25985,1
3,1,0,195455,1
4,1,4,3839,0
2,1,4,94812,0
5,2,0,20578,1
1,0,0,3282,1
2,0,3,24376,1
0,2,5,61183,1
2,2,5,98472,0
3,0,3,112278,1
4,2,3,15497,0
3,0,3,137334,1
1,0,4,4023,1
1,0,1,1122,1
3,0,2,118935,1
3,1,2,135329,1
1,0,1,1445,1
4,0,1,29014,1
1,0,0,2373,1
5,1,0,43973,0
0,1,3,67767,0
5,2,2,59991,2
0,0,3,44830,0
4,2,3,21650,1
1,2,3,4606,0
1,1,4,3556,0
2,2,1,55965,0
4,2,5,26487,1
5,1,4,11161,0
4,1,5,4456,0
5,1,1,106851,2
4,0,0,27381,1
3,0,0,181722,1
4,0,1,26065,1
2,2,4,32929,0
3,0,5,195817,1
3,1,4,33568,1
1,1,2,2894,0
3,0,1,58639,1
0,2,3,93549,0
5,0,5,32998,0
0,1,3,109778,0
0,1,1,53913,1
1,1,4,1947,0
5,0,3,95772,1
0,2,0,35721,1
5,1,5,85240,2
4,0,3,21544,2
0,2,0,121131,1
1,1,3,3775,0
0,1,1,181565,1
3,0,3,100273,1
2,2,2,164337,2
5,2,5,119123,2
2,1,0,3740,0
4,0,5,6471,0
2,2,4,115188,0
5,1,2,92207,2
1,1,5,1560,0
3,1,5,142783,1
3,1,3,124462,1
4,2,4,24906,1
1,0,2,172,1
4,2,1,8816,2
0,2,3,193987,0
4,0,1,14496,0
5,1,1,8934,0
3,0,0,159224,1
2,2,5,128928,2
3,0,3,32794,1
1,2,4,1472,0
4,2,0,26047,1
3,2,1,189624,1
2,1,2,69567,0
1,2,2,4957,2
1,1,3,1332,0
2,2,3,62285,2
4,2,3,6657,0
0,0,1,54888,1
2,1,2,152057,1
0,1,5,94007,1
4,1,2,4141,0
2,2,2,107493,2
2,1,2,77085,0
2,2,5,180379,2
1,1,0,279,0
4,1,4,28688,1
5,0,1,103340,1
1,2,2,2799,2
2,0,3,55442,1
2,1,0,195303,2
5,2,4,33228,0
1,1,5,1246,0
1,1,4,4654,0
2,0,5,73686,1
1,1,1,439,0
4,2,2,4193,0
4,2,3,24820,1
3,1,2,45855,1
0,2,1,64257,1
1,1,3,1207,0
1,1,0,908,0
3,1,1,5524,0
1,1,1,1530,0
2,0,3,108007,2
1,0,3,113,2
3,0,1,70194,1
3,2,3,22271,2
0,1,5,121842,1
5,2,4,41840,0
3,0,5,101891,1
2,1,0,84964,0
4,0,0,25144,1
1,0,0,3411,1
1,2,5,661,0
5,1,4,54957,2
5,0,4,25832,0
4,2,1,27285,1
0,1,5,93110,1
5,0,4,16580,0
4,2,0,25114,1
3,0,0,135133,1
1,2,0,548,0
1,1,3,2659,0
0,2,4,133955,1
5,0,3,78091,1
4,1,0,1704,0
3,2,4,120509,1
4,0,4,29041,1
0,1,4,169353,1
2,1,2,142654,2
5,1,5,110002,2
5,1,0,107250,2
5,1,0,55302,2
1,2,4,549,1
0,1,2,165628,1
5,1,5,36104,0
1,1,0,569,0
4,1,5,3590,0
1,2,2,235,0
2,1,0,143701,2
4,1,2,1476,0
1,0,0,16,1
3,2,1,85301,1
5,2,4,19137,0
1,1,4,4948,1
2,0,2,184640,2
2,1,2,80479,0
3,0,1,55527,1
3,2,3,195512,1
2,2,2,38905,2
2,0,1,161585,2
5,1,5,96116,2
2,0,2,137621,2
0,2,0,48632,0
1,1,1,4368,1
1,0,0,426,1
4,1,0,26712,1
3,1,4,77674,1
4,0,2,16437,0
5,0,4,99148,1
4,0,5,25154,1
0,2,1,70323,1
4,0,1,3400,0
3,2,4,170345,1
3,0,1,25438,2
4,2,1,4587,0
4,2,1,21139,1
5,2,1,69466,2
5,2,2,39131,0
0,0,5,86732,1
1,1,1,498,0
0,2,5,74755,1
0,1,4,92596,1
5,0,4,37419,0
5,1,0,12618,0
5,0,2,17371,0
0,2,2,137894,1
4,2,4,29420,1
2,2,5,20363,0
3,2,5,82466,1
2,2,0,118487,2
4,0,4,9659,1
3,1,1,138473,1
0,2,0,48799,1
4,2,5,6198,0
4,0,3,28568,1
4,0,3,17592,0
0,0,0,47763,1
0,0,0,73844,1
3,1,4,191373,1
4,0,5,16716,0
0,0,3,164902,0
4,2,4,27453,1
0,1,2,90223,1
3,0,4,102539,1
2,1,5,27725,0
4,1,3,26453,1
3,0,0,184019,1
3,2,2,165221,1
3,1,5,29138,0
0,0,1,146535,1
0,2,1,135983,1
0,2,4,192118,1
2,2,2,106237,2
2,1,5,137593,2
3,0,3,104435,1
0,1,2,149167,1
1,0,0,2562,1
3,1,3,181792,1
5,2,3,48740,0
0,0,0,155286,1
5,2,1,50800,2
2,0,5,172437,2
4,0,2,25405,1
1,1,4,3512,0
0,0,3,87770,0
2,0,0,158377,2
5,1,2,58887,2
0,1,3,196142,0
3,2,0,54956,1
0,1,2,184885,1
0,2,2,135952,1
0,2,2,120200,1
0,0,3,114194,0
5,0,2,86148,1
5,1,3,19038,0
2,2,5,58082,0
1,1,0,4938,0
4,1,3,18241,2
1,0,2,4488,1
2,0,2,199846,2
0,2,5,16935,1
3,1,0,139613,1
3,2,2,122055,1
5,2,1,22902,0
3,2,1,104744,1
5,1,1,99638,2
3,1,3,119881,1
1,0,4,4289,1
3,1,4,69922,1
1,1,3,4463,0
5,1,0,78328,2
1,2,3,1902,0
1,1,5,2445,0
3,2,5,108578,1
0,0,1,29362,1
0,2,4,60778,1
4,1,5,11256,0
4,2,5,19826,0
5,1,1,87054,2
4,1,5,12330,0
0,0,5,177408,1
5,0,5,33920,0
0,2,5,171671,1
0,0,4,172903,1
5,1,1,92202,2
1,0,3,4550,1
4,1,3,17983,0
3,0,4,40243,1
0,0,1,186581,1
5,1,0,41549,0
4,2,1,20854,1
2,2,1,114051,2
4,0,1,4293,0
4,2,5,16045,0
2,0,2,108254,2
0,0,0,138033,1
2,2,1,133107,2
1,0,3,3591,1
1,1,5,1752,0
5,0,2,58525,1
3,0,0,138751,1
5,0,1,5017,0
5,1,3,26681,0
3,1,4,90092,1
1,0,1,4183,1
2,1,2,144226,2
5,2,5,85518,2
0,2,1,198972,1
5,2,3,81240,2
3,0,1,197377,1
0,1,0,39281,1
2,0,5,115743,2
1,0,5,2127,1
3,2,0,37896,1
4,1,3,12331,0
3,2,2,49638,1
1,2,2,951,0
4,0,5,9329,0
4,1,4,3360,0
3,2,1,187346,1
1,2,4,1937,0
3,1,2,131810,1
5,2,2,49163,0
5,1,3,45510,0
1,2,0,3296,0
2,1,5,163722,2
4,1,5,28518,1
5,2,4,83979,2
3,2,0,58676,1
4,2,1,26056,1
0,1,1,93170,1
4,0,0,12011,0
5,1,2,112206,2
4,1,0,25798,1
0,1,5,79668,1
5,1,4,64308,2
1,2,3,2851,0
2,1,0,148610,2
1,1,3,4137,0
4,2,0,13902,0
5,2,1,94514,2
3,2,4,25772,0
2,2,1,143750,2
2,1,1,123339,2
2,2,4,61937,0
2,0,5,143301,2
5,1,2,68205,2
4,2,0,21042,1
3,0,2,33891,1
2,0,3,194116,2
1,2,5,2401,0
0,2,0,79518,1
4,0,3,5332,0
1,0,1,3073,1
2,1,0,111529,2
4,0,4,4514,0
5,0,1,58819,1
3,1,3,171020,1
5,0,4,103706,1
1,2,5,923,0
1,0,4,4678,1
2,0,5,71668,1
2,1,4,93177,0
5,1,1,72300,0
1,2,4,1960,0
5,1,1,47051,0
3,0,5,83521,1
2,0,3,30794,1
5,0,5,73654,1
2,1,5,68819,2
0,1,0,74396,1
0,0,1,36743,1
2,2,5,103049,2
4,0,4,21282,1
2,1,3,94166,0
4,2,4,29832,1
2,0,4,179054,2
5,0,3,71529,1
3,2,2,170662,1
3,2,0,1573,0
1,1,5,2445,0
3,0,2,91714,1
0,0,5,163230,1
5,0,2,71819,1
1,1,5,1113,0
1,2,5,4741,0
3,1,4,94264,1
4,1,3,2653,0
2,1,4,33189,0
4,0,3,10836,0
1,0,1,4946,1
3,2,4,142033,1
1,0,0,3278,1
0,0,0,142725,1
4,1,3,3092,0
3,0,5,49208,1
1,0,0,263,1
3,1,0,121241,1
5,0,4,48491,0
3,1,0,141560,1
3,0,5,3646,0
3,1,0,41378,1
0,2,1,44688,1
4,2,1,5511,0
4,0,1,16760,0
1,2,4,2122,0
0,2,5,106259,1
0,2,3,87183,0
0,1,3,142318,0
4,1,3,22402,1
1,1,5,2530,0
0,0,0,77701,1
4,2,5,3628,0
1,1,2,3447,0
3,0,1,18597,1
1,0,3,406,1
2,0,4,43203,1
0,1,2,77718,1
5,1,0,82964,2
2,1,1,73322,0
5,1,2,86295,2
1,1,3,1593,0
2,2,1,131316,2
3,0,1,128233,1
4,2,1,3993,0
3,2,2,14129,0
0,2,4,142286,1
4,2,3,23092,1
3,1,1,87672,1
2,2,1,197547,2
1,0,2,669,1
4,0,4,29112,1
2,2,2,108529,2
0,1,0,68645,1
1,2,2,3566,0
4,1,1,6462,0
2,1,1,37056,0
1,1,5,2832,0
5,2,1,23550,0
2,2,4,93723,0
5,1,4,77307,2
3,2,2,1077,0
1,1,5,2076,0
0,0,1,161920,1
2,2,4,19529,0
4,2,4,22716,1
1,2,1,2520,0
5,1,0,91547,2
2,1,2,135375,2
1,2,1,4044,0
1,0,2,3620,1
0,1,1,117290,1
4,1,0,11795,0
5,0,1,117347,1
2,0,1,120317,2
5,2,1,8576,0
4,2,5,8251,0
4,1,5,21139,1
1,2,4,4160,0
4,0,4,20287,1
1,1,3,3445,0
5,2,3,94359,2
1,2,5,2833,0
2,2,4,148034,2
1,1,1,4087,0
5,0,0,56152,1
2,1,1,107423,2
0,2,0,58127,1
4,0,2,9296,0
5,1,2,102278,2
4,0,2,3703,0
4,1,5,15832,0
2,1,2,193230,2
4,1,2,13392,0
2,1,2,163024,2
5,1,2,30548,0
1,0,1,902,1
5,2,4,57310,2
2,2,5,1060,0
5,0,5,63260,1
5,0,4,75580,1
3,2,1,130559,1
4,0,1,25970,1
0,0,3,91088,0
5,1,0,60846,2
1,0,5,2656,1
2,0,1,138766,2
2,0,5,84567,1
1,0,1,795,1
3,0,5,22663,0
5,0,3,54762,1
5,1,0,92054,2
5,0,2,111067,1
4,1,5,28976,1
3,2,5,18402,0
1,1,4,40,0
3,2,2,102747,1
2,0,0,155921,2
3,2,2,21067,0
2,0,1,9413,0
0,0,3,116143,0
3,1,0,165064,1
0,2,2,124539,1
2,0,0,86814,1
4,1,3,13166,0
5,1,4,109388,2
3,2,5,38739,1
1,1,2,2521,0
2,0,2,7019,0
5,2,0,95499,2
2,0,5,68086,1
0,0,2,83526,0
1,1,0,4553,0
3,1,4,41568,1
5,2,3,44513,0
3,2,4,164656,1
1,0,2,3398,1
4,1,1,28484,0
4,0,4,10090,0
4,2,1,12157,0
4,2,5,3775,1
1,1,5,1432,0
2,1,4,8671,0
4,1,0,28035,1
3,0,3,154043,1
1,1,2,2028,0
4,1,2,7650,0
4,0,3,19887,0
1,0,0,4,1
3,1,5,56225,1
0,0,4,32245,1
1,1,5,3950,0
3,2,5,94532,1
4,2,3,22404,1
2,2,5,136771,2
1,1,3,16,0
5,1,5,13274,1
5,0,1,32967,0
4,2,4,25425,1
4,2,3,27645,1
4,0,0,20813,1
0,0,2,103264,1
1,0,1,4778,1
3,0,0,138369,1
0,1,0,110007,1
1,1,1,4359,0
5,2,5,12629,0
5,1,5,75549,2
0,2,5,40301,1
2,2,4,155066,2
1,1,3,4836,0
0,1,5,160459,1
3,2,5,94820,1
0,1,5,66067,1
1,0,4,2388,1
5,0,2,85630,0
4,1,0,9562,0
4,1,0,7036,0
3,1,2,195017,1
5,2,4,5983,0
2,0,4,148530,2
4,2,1,6520,0
2,1,1,159716,2
1,0,0,440,1
0,0,3,36220,0
2,1,2,129230,2
4,0,1,1204,0
3,1,3,3534,0
5,0,5,109940,1
1,2,1,911,0
3,2,3,133814,1
5,2,4,24583,1
3,2,3,94637,1
2,2,0,84927,0
4,1,2,11156,0
5,0,4,29425,0
0,2,0,155034,1
1,1,1,1371,0
3,1,0,113031,1
1,0,2,3477,1
4,0,4,10785,0
1,1,3,4819,0
4,2,4,22198,1
5,0,4,33034,0
3,0,1,85641,1
4,2,3,2904,0
0,1,3,57456,0
3,2,1,199647,1
5,1,3,101127,2
4,1,1,5243,0
3,2,3,183741,1
4,2,2,25137,1
4,1,3,2709,0
4,0,4,4349,0
5,1,5,33441,0
3,0,0,186751,1
1,2,3,436,0
1,2,3,4562,0
1,2,5,4922,0
4,0,2,6804,0
2,0,5,197379,2
4,0,5,16063,0
5,1,3,73521,2
2,0,4,121087,2
3,1,1,155241,1
4,0,2,28713,1
3,2,5,173221,1
5,1,4,89211,2
4,1,0,5634,0
2,2,3,151514,2
4,1,4,6138,0
3,1,4,46432,1
1,2,1,2886,0
1,1,4,1638,0
5,0,2,27594,0
4,2,4,29287,1
3,0,5,135833,1
0,2,4,79267,1
4,2,5,6968,0
5,0,3,83987,1
5,1,4,15895,0
5,0,2,57613,1
3,1,3,113094,1
4,2,2,15449,0
3,1,4,72221,1
4,0,1,13113,0
0,0,3,163908,0
2,1,2,5246,0
4,0,1,3660,0
0,2,5,186200,1
5,2,4,19231,0
1,1,3,2604,0
3,1,4,96626,1
0,1,3,150206,0
0,0,5,197988,1
1,0,5,3326,1
4,0,0,26699,1
3,0,4,151108,1
4,2,3,2935,0
0,1,1,117295,1
1,1,2,2086,0
1,0,2,4845,1
5,1,3,31745,0
0,2,1,74994,1
1,1,5,2138,0
1,2,4,324,0
0,2,4,91896,1
5,1,3,106622,2
1,2,0,1354,0
0,0,2,186013,1
5,1,0,102442,2
4,1,1,24813,1
2,0,4,40661,1
0,0,2,144729,1
4,0,1,3921,0
1,1,4,2420,0
4,2,2,28475,1
0,1,1,110935,1
1,2,4,811,0
0,0,0,90354,1
5,2,2,26152,0
0,0,2,112433,2
3,1,0,151247,1
2,1,2,112534,2
3,0,2,98247,0
2,0,3,39453,1
2,1,1,94011,0
1,2,2,3841,0
3,0,0,43418,2
1,1,4,4354,0
3,1,4,62236,1
2,1,2,71648,0
2,2,2,68718,0
1,2,3,2434,0
3,2,4,31381,1
0,1,0,39190,1
5,0,3,116142,1
4,1,2,27184,1
0,1,2,174283,1
5,1,3,63144,2
4,2,2,25109,1
2,0,3,28625,1
0,0,2,129257,1
0,1,4,115092,1
3,0,5,79456,1
3,2,1,176495,1
0,2,2,85440,1
5,1,4,112189,2
0,1,4,185447,1
0,1,1,10435,1
5,0,0,111319,1
1,1,4,3523,0
1,2,0,4731,0
2,2,2,51541,0
0,0,3,167646,1
2,1,1,10593,0
0,0,0,122578,1
2,1,1,58789,0
2,0,1,189393,2
2,2,3,178493,2
0,1,2,165853,1
3,0,0,12813,0
0,0,2,152471,1
5,0,5,55466,1
4,2,5,20987,1
2,2,3,188519,2
4,0,3,28349,0
2,2,4,73650,0
3,1,3,101873,1
5,1,1,114655,2
5,2,4,18137,0
0,2,2,96294,1
0,2,5,115162,1
5,2,3,18198,0
5,2,3,50781,2
3,1,1,56622,1
3,1,0,83137,1
0,0,1,196534,1
2,2,4,196996,2
2,0,2,40294,1
1,2,4,4231,0
0,2,3,41434,0
3,1,2,165900,1
3,1,1,1456,0
0,0,1,105320,1
2,0,1,90727,0
1,1,4,3360,0
1,1,3,4753,2
0,2,5,108712,1
3,2,0,57577,1
1,2,0,4879,0
1,1,1,2772,0
0,2,3,74053,0
4,2,4,5772,0
0,0,2,34795,1
2,2,2,85899,0
3,0,2,107080,1
4,1,3,19960,0
4,2,3,17855,0
3,2,3,47232,1
5,1,0,39249,2
0,0,2,118975,1
0,2,2,155409,1
2,0,0,66297,1
2,0,0,86843,1
2,0,5,149156,2
2,1,5,132934,2
1,0,2,2389,1
4,2,2,1557,2
5,2,1,13402,0
4,2,5,3278,0
3,1,1,197430,1
3,1,0,59737,1
5,0,0,116960,1
2,1,3,70263,0
3,2,4,5429,0
2,0,2,13917,1
4,2,1,24037,1
1,2,2,1297,0
3,1,5,44927,1
3,0,2,154675,1
3,0,4,156256,1
0,0,3,63116,0
2,0,1,95483,1
5,1,0,85998,2
3,0,4,164575,1
1,0,4,4846,1
5,2,5,35018,1
4,2,2,10235,0
4,2,4,16177,0
3,1,2,105466,1
2,0,4,173399,2
0,2,3,184645,0
0,2,2,9061,1
5,2,5,27998,0
5,1,1,40149,0
3,1,5,18053,0
5,2,3,35512,0
4,0,2,24267,2
3,0,1,95296,1
1,0,0,2707,1
0,1,3,79095,0
5,2,1,37761,0
2,2,5,144564,2
2,2,5,185021,2
2,1,1,192810,2
5,0,3,21929,0
4,0,5,6893,0
4,0,3,4808,0
3,0,0,168835,1
0,1,3,170671,1
4,0,3,22270,1
1,0,5,3375,1
4,0,1,11161,0
5,1,0,78868,2
3,0,0,9194,0
4,0,2,12801,0
4,1,1,24601,1
5,0,0,19811,0
2,1,4,64357,0
3,2,4,95743,1
4,2,5,2029,0
0,2,5,92066,1
2,1,0,18979,0
4,1,2,28154,1
5,0,3,37326,0
1,0,3,1351,1
3,0,3,179687,1
4,1,0,15383,0
1,2,2,3071,0
5,2,5,32806,0
4,1,5,29156,2
0,1,0,163223,1
1,1,3,3785,0
0,0,3,142818,0
4,1,0,24875,1
3,1,4,53064,1
5,1,4,35555,0
0,2,3,84330,0
5,1,4,15667,0
5,0,1,54719,1
4,0,0,15104,1
5,1,2,39932,0
3,0,3,77682,1
3,0,2,53637,1
2,1,2,50931,0
5,2,5,110302,2
5,0,1,86762,1
0,2,5,41723,1
1,0,0,1896,1
1,1,3,49,0
2,1,1,84079,0
3,0,0,66086,1
1,0,0,4091,1
4,1,0,2093,0
4,1,1,4738,0
2,0,5,140820,2
4,0,1,13082,0
5,1,0,116557,2
1,0,4,1298,1
5,0,3,43660,0
1,2,3,4462,0
3,1,5,25204,0
1,2,3,2221,0
0,1,5,90177,1
1,0,5,4798,1
4,2,1,11327,0
0,0,5,101423,1
5,1,3,47883,0
1,1,2,746,0
0,0,1,48566,1
3,1,2,44145,1
0,2,5,8186,1
3,2,0,121167,1
1,1,2,869,0
3,1,4,157723,1
5,2,2,100091,2
1,0,4,460,1
1,1,3,2544,0
5,1,2,72655,2
3,0,4,122255,1
5,2,5,9276,0
1,1,0,3574,0
5,0,0,10895,0
1,0,3,3682,1
1,2,2,1118,0
3,0,1,19376,0
1,2,5,4463,0
3,2,1,95210,1
5,0,2,111146,1
3,2,3,143993,1
4,1,1,24752,1
1,1,4,670,0
3,0,4,87392,1
1,1,1,833,0
5,0,5,43117,0
4,1,4,22225,1
2,0,1,172375,2
0,0,3,198843,0
5,0,3,109296,1
3,0,1,37181,1
2,1,4,187193,2
3,1,0,188792,1
1,1,1,2634,0
0,0,5,152070,1
4,1,3,13911,0
0,2,2,191886,1
5,1,2,102919,2
4,1,0,24740,1
2,1,5,39283,0
0,0,4,75884,1
4,1,1,6434,0
0,0,1,104347,1
4,0,2,19351,0
1,0,2,234,1
5,0,1,87331,1
1,0,5,4948,1
5,2,0,42214,0
2,0,0,137766,2
3,2,4,148469,1
5,0,0,23584,0
4,1,1,29867,1
3,1,1,100337,0
5,0,4,10525,0
3,0,4,25677,0
0,1,1,198584,1
1,1,5,1740,0
2,1,3,128077,2
2,1,4,125540,2
3,1,3,2202,0
0,1,3,132497,0
3,1,3,117393,1
5,1,2,110586,2
3,1,2,122469,1
5,2,4,5489,0
0,0,4,13973,1
1,0,3,221,1
4,2,4,6711,0
0,1,0,5785,1
1,1,3,3001,0
5,1,5,98625,2
2,1,0,73836,0
2,2,3,68992,0
5,1,5,74188,2
2,0,4,84034,1
1,1,1,721,0
0,1,3,155900,0
4,2,5,2199,0
3,0,1,162566,1
5,1,2,22059,0
3,2,1,165836,1
3,2,5,183551,1
0,0,0,182234,1
3,2,3,125344,1
1,1,3,1655,0
1,0,4,2935,1
3,0,5,123007,1
3,1,0,18098,0
3,1,0,49915,1
3,1,1,124841,1
4,0,1,20125,0
4,1,2,15746,0
3,2,3,162058,1
4,0,2,4858,0
1,0,3,4214,1
0,2,2,163920,2
2,0,1,51975,1
5,2,3,83519,2
0,2,1,72815,1
3,0,5,112537,1
3,2,2,79886,1
1,2,0,4341,0
4,2,1,17418,0
2,2,2,163763,2
2,1,4,146278,2
1,0,4,4670,1
4,1,5,21614,1
3,1,2,133775,1
4,0,1,5890,0
0,1,0,153429,1
3,1,4,173191,1
5,2,5,119036,2
0,0,2,181103,1
0,2,0,6063,1
3,0,1,187544,1
5,1,4,50854,2
0,0,2,5007,1
2,2,5,74155,0
3,1,3,91671,1
3,2,0,31515,1
3,2,5,36780,1
2,2,0,177425,2
3,1,4,169370,1
3,2,5,136115,1
1,1,3,423,0
3,1,2,175780,1
0,2,0,88963,1
0,1,5,57217,1
1,0,2,3913,1
0,0,5,133048,1
0,2,4,164145,1
2,0,5,63057,1
0,2,3,153161,0
5,0,1,115385,1
2,1,4,123374,2
5,0,3,77055,1
4,1,4,3255,0
0,1,0,56011,1
0,1,0,144117,1
4,1,2,22977,1
1,1,3,4207,0
4,2,1,13789,0
3,2,4,191940,1
2,0,5,190222,2
0,0,2,150519,1
4,0,3,12594,0
2,1,4,160911,2
3,0,2,164045,1
1,1,2,1473,0
3,2,2,139508,0
0,2,4,149076,1
1,2,1,3880,0
2,1,2,66218,0
0,1,2,41363,1
4,1,2,14313,0
1,2,5,3624,0
5,1,1,7076,0
2,1,5,57409,0
3,1,0,163496,1
4,1,2,13567,0
3,0,2,142143,0
4,0,5,5714,0
0,1,0,161451,1
5,1,1,97803,2
1,2,3,1667,0
5,2,0,32983,0
0,0,3,117581,0
1,1,4,2776,0
1,0,1,2996,1
2,2,3,58961,0
3,1,3,93912,1
5,1,0,24966,0
2,1,1,195189,0
1,0,1,1613,1
5,1,2,107923,2
1,1,2,1479,0
4,0,5,14571,0
4,1,5,22162,1
5,1,0,8218,0
2,2,2,111999,2
3,2,2,82021,1
2,0,3,108134,2
3,1,1,84813,1
3,1,4,13424,0
4,0,5,14020,0
3,0,4,95723,2
1,2,5,4310,0
4,1,1,2578,0
0,2,3,157351,0
1,2,3,2931,0
2,0,0,176835,2
4,0,4,23361,1
4,2,0,6917,0
3,0,2,178350,1
0,2,3,185148,0
1,2,4,1928,0
1,2,1,2589,0
1,2,4,945,0
1,1,2,4365,0
3,2,1,130503,1
3,2,5,44427,1
4,1,1,13345,0
4,2,5,17411,0
1,1,0,1640,0
0,0,2,28984,1
5,0,3,27675,0
0,0,2,147799,1
5,0,5,86316,1
2,2,0,143304,2
2,1,3,91028,1
2,2,3,144155,2
1,2,3,2307,0
3,2,0,159956,1
2,0,0,50630,1
0,2,4,19377,1
5,0,1,49254,0
5,1,3,105526,2
3,2,0,14397,0
0,0,3,147129,2
4,1,5,12335,0
4,1,0,3912,0
1,2,1,839,0
3,1,2,33201,1
1,0,2,1741,1
3,1,1,189425,1
1,0,2,2142,1
2,2,0,101567,2
0,2,4,156635,1
1,2,1,482,1
4,0,1,27290,1
4,2,2,26465,1
3,1,3,156713,1
3,1,3,107048,1
3,1,4,108977,1
5,2,2,24969,0
1,0,5,616,1
1,0,4,4457,1
2,1,4,121600,2
4,0,1,3575,0
5,0,1,61095,1
4,2,3,29568,1
2,0,2,161975,2
2,0,1,162309,2
1,2,1,816,0
3,2,2,198429,1
1,0,4,4010,1
2,0,3,132732,2
3,2,0,101927,1
5,0,4,105660,1
2,0,5,85568,1
5,1,1,21486,0
3,1,1,151870,1
0,2,1,120048,1
5,1,0,43872,0
0,0,1,86823,1
3,1,0,170150,1
4,2,2,19780,0
1,2,5,900,0
1,2,0,1431,0
3,1,4,23100,2
0,0,4,181471,1
2,1,4,185999,2
4,0,5,16672,0
4,1,5,8519,0
2,0,4,154855,2
5,1,3,41902,0
1,0,2,1327,1
4,0,2,24417,1
2,1,3,100446,2
5,0,5,62238,1
1,1,2,1479,0
3,2,2,19554,0
3,1,5,13131,0
4,2,2,8105,0
2,0,5,41595,0
2,1,2,170636,1
5,0,4,12963,0
1,0,2,3951,1
